application,version,instrumentor,trial,compiletime,memoryuse,success,failurereason
tcas,1,cc-local,1,0.440892934799,38860,True,
tcas,1,cc-none,1,0.443335056305,38536,True, 
tcas,1,bb-none,1,0.458551168442,38884,True,
tcas,1,cc-simple,1,0.434761047363,38868,True, 
tcas,1,clang,1,0.249415159225,41948,True,
tcas,1,cc-gams,1,0.476997852325,38884,True, 
tcas,1,bb-simple,1,0.448523044586,38636,True,
tcas,1,cc-lemon,1,0.437275886536,38720,True, 
tcas,1,bb-gams,1,10.5639870167,518700,True,
tcas,1,bb-lemon,1,0.463505983353,38592,True, 
tcas,1,bb-local,1,0.440513134003,38760,True,
tcas,1,cc-local,2,0.443153858185,38560,True, 
tcas,1,cc-none,2,0.448632001877,38872,True,
tcas,1,bb-none,2,0.448008060455,38888,True, 
tcas,1,cc-simple,2,0.438230991364,38860,True,
tcas,1,clang,2,0.242881059647,42064,True, 
tcas,1,cc-gams,2,0.472190856934,38816,True,
tcas,1,bb-simple,2,0.448429822922,38720,True, 
tcas,1,cc-lemon,2,0.43457198143,38716,True,
tcas,1,bb-gams,2,10.087818861,518652,True, 
tcas,1,bb-lemon,2,0.462532043457,38720,True,
tcas,1,bb-local,2,0.458162069321,38884,True, 
tcas,1,cc-local,3,0.435065031052,38732,True,
tcas,1,cc-none,3,0.439280033112,38988,True, 
tcas,1,bb-none,3,0.448617935181,38640,True,
tcas,1,cc-simple,3,0.434096097946,38904,True, 
tcas,1,clang,3,0.243792057037,42140,True,
tcas,1,cc-gams,3,0.463616847992,38864,True,
tcas,1,bb-simple,3,0.446204185486,38816,True,
tcas,1,cc-lemon,3,0.437045097351,38740,True, 
tcas,1,bb-gams,3,10.1807470322,518648,True,
tcas,1,bb-lemon,3,0.446581125259,38540,True, 
tcas,1,bb-local,3,0.440488100052,38532,True,
schedule,1,cc-local,1,0.848531007767,39484,True, 
schedule,1,cc-none,1,0.711472988129,39284,True,
schedule,1,bb-none,1,0.750901937485,39500,True, 
schedule,1,cc-simple,1,0.710280179977,39668,True,
schedule,1,clang,1,0.396961927414,43024,True, 
schedule,1,cc-gams,1,287.043123007,12551432,True,
schedule,1,bb-simple,1,0.735512971878,39620,True, 
schedule,1,cc-lemon,1,0.761677026749,39452,True,
schedule,1,bb-gams,1,246.293244123,25153124,False,MEMOUT
schedule,1,bb-lemon,1,0.922373056412,39412,True,
schedule,1,bb-local,1,1.95347285271,39620,True, 
schedule,1,cc-local,2,0.855340957642,39508,True,
schedule,1,cc-none,2,0.700520038605,39496,True, 
schedule,1,bb-none,2,0.738452911377,39716,True,
schedule,1,cc-simple,2,0.709705114365,39468,True, 
schedule,1,clang,2,0.390913963318,42928,True,
schedule,1,cc-gams,2,288.901256084,12551436,True, 
schedule,1,bb-simple,2,0.732865095139,39684,True,
schedule,1,cc-lemon,2,0.772907972336,39424,True, 
schedule,1,bb-gams,2,252.968786001,25153080,False,MEMOUT
schedule,1,bb-lemon,2,0.9289290905,39556,True, 
schedule,1,bb-local,2,1.95916604996,39576,True,
schedule,1,cc-local,3,0.868549108505,39412,True, 
schedule,1,cc-none,3,0.699041843414,39548,True,
schedule,1,bb-none,3,0.745337963104,39476,True, 
schedule,1,cc-simple,3,0.701164007187,39288,True,
schedule,1,clang,3,0.394629001617,43276,True, 
schedule,1,cc-gams,3,283.55489397,12551448,True,
schedule,1,bb-simple,3,0.724953174591,39480,True, 
schedule,1,cc-lemon,3,0.760640859604,39420,True,
schedule,1,bb-gams,3,248.675778866,25153196,False,MEMOUT 
schedule,1,bb-lemon,3,0.926613807678,39608,True,
schedule,1,bb-local,3,1.94622206688,39416,True, 
print_tokens,1,cc-local,1,1.15686702728,40524,True,
print_tokens,1,cc-none,1,0.892088890076,40476,True, 
print_tokens,1,bb-none,1,0.987280130386,42428,True,
print_tokens,1,cc-simple,1,0.895084142685,40480,True, 
print_tokens,1,clang,1,0.508878946304,44452,True, 
print_tokens,1,cc-gams,1,254.381548882,26179708,False,MEMOUT 
print_tokens,1,bb-simple,1,0.935982942581,40336,True,
print_tokens,1,cc-lemon,1,0.95946598053,40552,True, 
print_tokens,1,bb-gams,1,815.872908831,26125592,False,MEMOUT 
print_tokens,1,bb-lemon,1,6.25506091118,40384,True,
print_tokens,1,bb-local,1,77.6304969788,40388,True, 
print_tokens,1,cc-local,2,1.14895796776,40576,True,
print_tokens,1,cc-none,2,0.896032810211,40472,True, 
print_tokens,1,bb-none,2,0.977566003799,42560,True,
print_tokens,1,cc-simple,2,0.903501987457,40508,True, 
print_tokens,1,clang,2,0.519172906876,44640,True, 
print_tokens,1,cc-gams,2,254.011741877,26179708,False,MEMOUT 
print_tokens,1,bb-simple,2,0.924875974655,40344,True,
print_tokens,1,cc-lemon,2,0.952001094818,40604,True, 
print_tokens,1,bb-gams,2,810.110747814,26125424,False,MEMOUT 
print_tokens,1,bb-lemon,2,6.25548291206,40632,True,
print_tokens,1,bb-local,2,76.683506012,40404,True, 
print_tokens,1,cc-local,3,1.16281485558,40604,True,
print_tokens,1,cc-none,3,0.894147157669,40364,True, 
print_tokens,1,bb-none,3,0.98982000351,42456,True,
print_tokens,1,cc-simple,3,0.896766901016,40592,True, 
print_tokens,1,clang,3,0.509588956833,44684,True, 
print_tokens,1,cc-gams,3,253.140022993,26179684,False,MEMOUT 
print_tokens,1,bb-simple,3,0.923228979111,40564,True,
print_tokens,1,cc-lemon,3,0.940288066864,40372,True, 
print_tokens,1,bb-gams,3,814.609772205,26125424,False,MEMOUT 
print_tokens,1,bb-lemon,3,6.25770783424,40368,True,
print_tokens,1,bb-local,3,76.3110971451,40612,True, 
replace,1,cc-local,1,0.836948871613,40032,True,
replace,1,cc-none,1,0.835340976715,40056,True, 
replace,1,bb-none,1,0.946342945099,39848,True,
replace,1,cc-simple,1,0.821405887604,39848,True, 
replace,1,clang,1,0.484270811081,43644,True,
replace,1,cc-gams,1,12.5028290749,292172,True, 
replace,1,bb-simple,1,0.91437292099,39896,True,
replace,1,cc-lemon,1,0.84218788147,40004,True, 
replace,1,bb-gams,1,512.260378122,26180188,False,MEMOUT
replace,1,bb-lemon,1,3.57237505913,40036,True, 
replace,1,bb-local,1,15.917634964,39948,True,
replace,1,cc-local,2,0.81769490242,40000,True, 
replace,1,cc-none,2,0.820785999298,39984,True,
replace,1,bb-none,2,0.941253185272,40128,True, 
replace,1,cc-simple,2,0.808967828751,40080,True,
replace,1,clang,2,0.472656011581,43576,True, 
replace,1,cc-gams,2,12.4827270508,292264,True,
replace,1,bb-simple,2,0.90567612648,39900,True, 
replace,1,cc-lemon,2,0.849176883698,40192,True,
replace,1,bb-gams,2,514.468166113,26180172,False,MEMOUT 
replace,1,bb-lemon,2,3.53111696243,39872,True,
replace,1,bb-local,2,15.881909132,39900,True, 
replace,1,cc-local,3,0.816904783249,40096,True,
replace,1,cc-none,3,0.825840950012,40116,True, 
replace,1,bb-none,3,0.941364049911,39892,True,
replace,1,cc-simple,3,0.821691036224,39968,True, 
replace,1,clang,3,0.471446990967,43604,True,
replace,1,cc-gams,3,12.4650671482,292252,True, 
replace,1,bb-simple,3,0.897397041321,39864,True,
replace,1,cc-lemon,3,0.832774877548,39748,True, 
replace,1,bb-gams,3,511.679985046,26180168,False,MEMOUT
replace,1,bb-lemon,3,3.55479502678,40036,True, 
replace,1,bb-local,3,15.8923978806,40076,True,
print_tokens2,1,cc-local,1,0.65508890152,41232,True, 
print_tokens2,1,cc-none,1,0.642580986023,41084,True,
print_tokens2,1,bb-none,1,0.677352905273,40780,True, 
print_tokens2,1,cc-simple,1,0.652931928635,41100,True,
print_tokens2,1,clang,1,0.408401966095,44296,True, 
print_tokens2,1,cc-gams,1,207.230148077,10151036,True, 
print_tokens2,1,bb-simple,1,0.667469978333,40964,True,
print_tokens2,1,cc-lemon,1,0.686602830887,41108,True, 
print_tokens2,1,bb-gams,1,226.647922993,25103972,False,MEMOUT 
print_tokens2,1,bb-lemon,1,0.941954135895,41108,True,
print_tokens2,1,bb-local,1,3.69307899475,41092,True, 
print_tokens2,1,cc-local,2,0.654422044754,41152,True,
print_tokens2,1,cc-none,2,0.646764039993,40964,True, 
print_tokens2,1,bb-none,2,0.68008685112,40920,True,
print_tokens2,1,cc-simple,2,0.651711940765,41208,True, 
print_tokens2,1,clang,2,0.416917800903,44444,True,
print_tokens2,1,cc-gams,2,207.891303062,10150992,True, 
print_tokens2,1,bb-simple,2,0.673815965652,41096,True,
print_tokens2,1,cc-lemon,2,0.673367977142,41188,True, 
print_tokens2,1,bb-gams,2,222.619976997,25103904,False,MEMOUT 
print_tokens2,1,bb-lemon,2,0.9625248909,41204,True,
print_tokens2,1,bb-local,2,3.72126984596,40964,True, 
print_tokens2,1,cc-local,3,0.653502941132,41104,True,
print_tokens2,1,cc-none,3,0.641227006912,41108,True, 
print_tokens2,1,bb-none,3,0.673897981644,41204,True,
print_tokens2,1,cc-simple,3,0.642358064651,40788,True, 
print_tokens2,1,clang,3,0.412106990814,44452,True,
print_tokens2,1,cc-gams,3,208.939616919,10151060,True, 
print_tokens2,1,bb-simple,3,0.66406917572,40788,True,
print_tokens2,1,cc-lemon,3,0.679718971252,41060,True, 
print_tokens2,1,bb-gams,3,221.229485989,25103904,False,MEMOUT 
print_tokens2,1,bb-lemon,3,0.952714920044,41104,True,
print_tokens2,1,bb-local,3,3.66737699509,40968,True, 
schedule2,1,cc-local,1,0.702718019485,39488,True,
schedule2,1,cc-none,1,0.664246797562,39600,True, 
schedule2,1,bb-none,1,0.722407102585,39212,True,
schedule2,1,cc-simple,1,0.648504018784,39372,True, 
schedule2,1,clang,1,0.36699795723,42884,True,
schedule2,1,cc-gams,1,44.2678489685,1846668,True, 
schedule2,1,bb-simple,1,0.773059844971,39560,True,
schedule2,1,cc-lemon,1,0.723386049271,39372,True, 
schedule2,1,bb-gams,1,474.400058031,11573812,True,
schedule2,1,bb-lemon,1,0.785942792892,39600,True, 
schedule2,1,bb-local,1,0.97568488121,39616,True,
schedule2,1,cc-local,2,0.710530042648,39596,True, 
schedule2,1,cc-none,2,0.676072120667,39208,True,
schedule2,1,bb-none,2,0.715412855148,39600,True, 
schedule2,1,cc-simple,2,0.65056681633,39596,True,
schedule2,1,clang,2,0.365761041641,42740,True, 
schedule2,1,cc-gams,2,44.0798771381,1846908,True,
schedule2,1,bb-simple,2,0.700516939163,39524,True, 
schedule2,1,cc-lemon,2,0.717880964279,39652,True,
schedule2,1,bb-gams,2,470.961604118,11574108,True, 
schedule2,1,bb-lemon,2,0.785452842712,39532,True,
schedule2,1,bb-local,2,0.965898036957,39648,True, 
schedule2,1,cc-local,3,0.719507932663,39580,True,
schedule2,1,cc-none,3,0.67786192894,39372,True, 
schedule2,1,bb-none,3,0.720889091492,39396,True,
schedule2,1,cc-simple,3,0.665165185928,39208,True, 
schedule2,1,clang,3,0.372890949249,42656,True,
schedule2,1,cc-gams,3,44.1783058643,1847016,True, 
schedule2,1,bb-simple,3,0.676976919174,39536,True,
schedule2,1,cc-lemon,3,0.731617927551,39344,True, 
schedule2,1,bb-gams,3,473.633603096,11574232,True,
schedule2,1,bb-lemon,3,0.776922941208,39376,True, 
schedule2,1,bb-local,3,0.966529130936,39372,True,
tot_info,1,cc-local,1,1.11179900169,40896,True, 
tot_info,1,cc-none,1,0.640537977219,40908,True,
tot_info,1,bb-none,1,0.652734994888,40732,True, 
tot_info,1,cc-simple,1,0.637276172638,40728,True,
tot_info,1,clang,1,0.370079040527,44280,True, 
tot_info,1,cc-gams,1,127.065237045,4115144,True,
tot_info,1,bb-simple,1,0.643440008163,40888,True, 
tot_info,1,cc-lemon,1,0.664855003357,40884,True,
tot_info,1,bb-gams,1,799.07678318,26180192,False,MEMOUT 
tot_info,1,bb-lemon,1,1.00188302994,40904,True,
tot_info,1,bb-local,1,2.91752195358,40916,True, 
tot_info,1,cc-local,2,0.675724983215,40676,True,
tot_info,1,cc-none,2,0.628679990768,40524,True, 
tot_info,1,bb-none,2,0.651026964188,40912,True,
tot_info,1,cc-simple,2,0.641611814499,40528,True, 
tot_info,1,clang,2,0.372297048569,44164,True,
tot_info,1,cc-gams,2,126.549501896,4115204,True, 
tot_info,1,bb-simple,2,0.644155979156,40692,True,
tot_info,1,cc-lemon,2,0.675398111343,40860,True, 
tot_info,1,bb-gams,2,806.917886972,26180188,False,MEMOUT
tot_info,1,bb-lemon,2,0.987007856369,40956,True, 
tot_info,1,bb-local,2,2.90665793419,40696,True,
tot_info,1,cc-local,3,0.665239810944,40804,True, 
tot_info,1,cc-none,3,0.640357017517,40792,True,
tot_info,1,bb-none,3,0.643662929535,40936,True, 
tot_info,1,cc-simple,3,0.62992310524,40916,True,
tot_info,1,clang,3,0.367351055145,44024,True, 
tot_info,1,cc-gams,3,126.003308058,4115132,True,
tot_info,1,bb-simple,3,0.644217967987,40656,True, 
tot_info,1,cc-lemon,3,0.672604084015,40684,True,
tot_info,1,bb-gams,3,795.699336052,26180192,False,MEMOUT 
tot_info,1,bb-lemon,3,0.997931957245,40732,True,
tot_info,1,bb-local,3,2.91514801979,40948,True, 
bash,1,cc-local,1,10860.0600069,39292,False,TIMEOUT
bash,1,cc-none,1,121.145530939,54656,True, 
bash,1,bb-none,1,125.615109921,86836,True,
bash,1,cc-simple,1,120.068196058,53840,True, 
bash,1,clang,1,69.9184968472,59848,True,
bash,1,cc-gams,1,658.292379141,26127856,False,MEMOUT 
bash,1,bb-simple,1,123.236124992,69584,True,
bash,1,cc-lemon,1,1188.57967091,65472,True, 
bash,1,bb-gams,1,707.597723007,26127948,False,MEMOUT
bash,1,bb-lemon,1,10860.0730209,39536,False,TIMEOUT 
bash,1,bb-local,1,10860.063096,39460,False,TIMEOUT
bash,2,cc-local,1,10860.0763812,39428,False,TIMEOUT 
bash,2,cc-none,1,121.495707989,54696,True,
bash,2,bb-none,1,126.248152018,87520,True, 
bash,2,cc-simple,1,120.472831011,53744,True,
bash,2,clang,1,70.1383099556,60236,True, 
bash,2,cc-gams,1,664.254795074,26128004,False,MEMOUT
bash,2,bb-simple,1,123.89638114,69904,True, 
bash,2,cc-lemon,1,1218.38705707,65672,True,
bash,2,bb-gams,1,706.991238832,26128052,False,MEMOUT 
bash,2,bb-lemon,1,10860.078723,39304,False,TIMEOUT
bash,2,bb-local,1,10860.0752511,39292,False,TIMEOUT 
bash,3,cc-local,1,1053.07102299,51392,True,
bash,3,cc-none,1,129.655528069,52336,True, 
bash,3,bb-none,1,134.131826878,57352,True,
bash,3,cc-simple,1,128.9555161,51816,True, 
bash,3,clang,1,74.3015530109,58600,True,
bash,3,cc-gams,1,674.089793921,26128076,False,MEMOUT 
bash,3,bb-simple,1,131.824578047,55008,True,
bash,3,cc-lemon,1,198.768249989,51324,True, 
bash,3,bb-gams,1,729.927381039,26127756,False,MEMOUT
bash,3,bb-lemon,1,1654.00191307,57912,True, 
bash,3,bb-local,1,10860.080344,39860,False,TIMEOUT
bash,4,cc-local,1,1268.64925313,51660,True, 
bash,4,cc-none,1,131.903183937,53820,True,
bash,4,bb-none,1,136.647326946,57828,True, 
bash,4,cc-simple,1,131.120115042,51692,True,
bash,4,clang,1,75.5943830013,58784,True, 
bash,4,cc-gams,1,667.766321898,26127952,False,MEMOUT
bash,4,bb-simple,1,134.393174887,55056,True, 
bash,4,cc-lemon,1,203.763713837,51740,True,
bash,4,bb-gams,1,740.938808918,26127952,False,MEMOUT 
bash,4,bb-lemon,1,1773.73874187,58504,True,
bash,4,bb-local,1,10860.0605249,39780,False,TIMEOUT 
bash,5,cc-local,1,1216.68620992,53144,True,
bash,5,cc-none,1,143.772463083,54672,True, 
bash,5,bb-none,1,148.683181047,59948,True,
bash,5,cc-simple,1,142.862227917,53980,True, 
bash,5,clang,1,81.8176388741,59344,True,
bash,5,cc-gams,1,674.379814148,26127920,False,MEMOUT 
bash,5,bb-simple,1,146.299986124,56284,True,
bash,5,cc-lemon,1,232.419023991,53460,True, 
bash,5,bb-gams,1,741.866858959,26127988,False,MEMOUT
bash,5,bb-lemon,1,1843.33549213,59832,True, 
bash,5,bb-local,1,10860.081852,39844,False,TIMEOUT
bash,6,cc-local,1,1142.81238818,54468,True, 
bash,6,cc-none,1,148.982439995,55140,True,
bash,6,bb-none,1,154.501802921,60940,True, 
bash,6,cc-simple,1,148.179560184,54596,True,
bash,6,clang,1,84.5456180573,59776,True, 
bash,6,cc-gams,1,731.600605011,26127988,False,MEMOUT
bash,6,bb-simple,1,151.962414026,57564,True, 
bash,6,cc-lemon,1,219.122435808,54336,True,
bash,6,bb-gams,1,813.876955986,26128192,False,MEMOUT 
bash,6,bb-lemon,1,2074.01811099,60860,True,
bash,6,bb-local,1,10860.0691862,39868,False,TIMEOUT
gcc,1,cc-local,1,10860.0800831,11392,False,TIMEOUT
gcc,1,cc-none,1,120.280563116,99800,True,
gcc,1,bb-none,1,136.650784016,127884,True,
gcc,1,cc-simple,1,117.086051941,76820,True,
gcc,1,clang,1,69.8826699257,72496,True,
gcc,1,cc-gams,1,630.45469594,25165656,False,MEMOUT
gcc,1,bb-simple,1,128.343693018,91684,True,
gcc,1,cc-lemon,1,2225.32086492,74484,True,
gcc,1,bb-gams,1,1964.43045878,26125488,False,MEMOUT
gcc,1,bb-lemon,1,10860.0826361,11392,False,TIMEOUT
gcc,1,bb-local,1,10860.0600519,11448,False,TIMEOUT
gcc,1,cc-local,2,10860.0639219,11388,False,TIMEOUT
gcc,1,cc-none,2,119.260183096,100016,True,
gcc,1,bb-none,2,136.841216803,127768,True,
gcc,1,cc-simple,2,117.324261189,76884,True,
gcc,1,clang,2,69.4868199825,72416,True,
gcc,1,cc-gams,2,635.344682217,25165720,False,MEMOUT
gcc,1,bb-simple,2,128.615768909,91912,True,
gcc,1,cc-lemon,2,2218.03625584,74680,True,
gcc,1,bb-gams,2,2015.4858191,26125504,False,MEMOUT
gcc,1,bb-lemon,2,10860.071316,11448,False,TIMEOUT
gcc,1,bb-local,2,10860.0602331,11384,False,TIMEOUT
gcc,1,cc-local,3,10860.077605,11444,False,TIMEOUT
gcc,1,cc-none,3,119.095484972,99760,True,
gcc,1,bb-none,3,136.938308954,127836,True,
gcc,1,cc-simple,3,117.287053108,76784,True,
gcc,1,clang,3,69.5482358932,72420,True,
gcc,1,cc-gams,3,625.593430996,25165820,False,MEMOUT
gcc,1,bb-simple,3,128.583224058,91696,True,
gcc,1,cc-lemon,3,2232.29670596,74684,True,
gcc,1,bb-gams,3,1960.00978518,26125384,False,MEMOUT
gcc,1,bb-lemon,3,10860.076257,11452,False,TIMEOUT
gcc,1,bb-local,3,10860.076751,11324,False,TIMEOUT
exif,1,cc-local,1,363.875623941,44292,True,
exif,1,cc-none,1,56.6441230774,55556,True,
exif,1,bb-none,1,56.8253798485,44032,True,
exif,1,cc-simple,1,55.8044919968,44184,True,
exif,1,clang,1,34.6578178406,49908,True,
exif,1,cc-gams,1,578.264390945,26128048,False,MEMOUT
exif,1,bb-simple,1,56.3028609753,44208,True,
exif,1,cc-lemon,1,94.0371599197,44304,True,
exif,1,bb-gams,1,988.742865086,26127836,False,MEMOUT
exif,1,bb-lemon,1,113.129292011,44312,True,
exif,1,bb-local,1,694.495627165,44284,True,
exif,1,cc-local,2,362.049246073,44232,True,
exif,1,cc-none,2,56.6390750408,55544,True,
exif,1,bb-none,2,56.6468799114,44148,True,
exif,1,cc-simple,2,55.7658340931,44168,True,
exif,1,clang,2,34.5266280174,49908,True,
exif,1,cc-gams,2,575.568119049,26127964,False,MEMOUT
exif,1,bb-simple,2,56.4354741573,44036,True,
exif,1,cc-lemon,2,93.9267241955,44092,True,
exif,1,bb-gams,2,994.889683008,26127940,False,MEMOUT
exif,1,bb-lemon,2,112.650337934,44272,True,
exif,1,bb-local,2,694.047405005,44300,True,
exif,1,cc-local,3,361.177775145,44108,True,
exif,1,cc-none,3,56.3467381001,55288,True,
exif,1,bb-none,3,56.6097738743,44236,True,
exif,1,cc-simple,3,55.602107048,44200,True,
exif,1,clang,3,34.3666758537,49944,True,
exif,1,cc-gams,3,577.730243206,26127988,False,MEMOUT
exif,1,bb-simple,3,56.400113821,44208,True,
exif,1,cc-lemon,3,94.1403570175,44228,True,
exif,1,bb-gams,3,999.897053003,26128164,False,MEMOUT
exif,1,bb-lemon,3,112.952662945,44308,True,
exif,1,bb-local,3,694.944832802,44188,True,
bc,1,cc-local,1,119.756190777,44368,True,
bc,1,cc-none,1,25.2790291309,44424,True,
bc,1,bb-none,1,26.3150029182,47528,True,
bc,1,cc-simple,1,25.0989360809,44556,True,
bc,1,clang,1,13.8363661766,49628,True,
bc,1,cc-gams,1,1599.76111102,26180224,False,MEMOUT
bc,1,bb-simple,1,25.7273468971,45296,True,
bc,1,cc-lemon,1,48.8952879906,44172,True,
bc,1,bb-gams,1,2354.20509505,26125316,False,MEMOUT
bc,1,bb-lemon,1,535.268900156,45524,True,
bc,1,bb-local,1,5663.82888699,45724,True,
bc,1,cc-local,2,118.735004902,44164,True,
bc,1,cc-none,2,25.0962669849,44280,True,
bc,1,bb-none,2,26.2060348988,47936,True,
bc,1,cc-simple,2,25.0821149349,44124,True,
bc,1,clang,2,13.7946550846,49716,True,
bc,1,cc-gams,2,1662.41082597,26180248,False,MEMOUT
bc,1,bb-simple,2,25.6221117973,45728,True,
bc,1,cc-lemon,2,48.7384579182,44384,True,
bc,1,bb-gams,2,2397.69319797,26125304,False,MEMOUT
bc,1,bb-lemon,2,536.383590937,45704,True,
bc,1,bb-local,2,5633.44788098,45668,True,
bc,1,cc-local,3,120.198462963,44352,True,
bc,1,cc-none,3,25.3047170639,44368,True,
bc,1,bb-none,3,26.2470870018,47944,True,
bc,1,cc-simple,3,25.1261909008,44356,True,
bc,1,clang,3,13.788850069,49852,True,
bc,1,cc-gams,3,1690.9407239,26180164,False,MEMOUT
bc,1,bb-simple,3,25.6903820038,45688,True,
bc,1,cc-lemon,3,48.7433030605,44384,True,
bc,1,bb-gams,3,2381.440552,26125348,False,MEMOUT
bc,1,bb-lemon,3,535.724505901,45576,True,
bc,1,bb-local,3,5623.65864301,45756,True,
gzip,1,cc-local,1,112.705236912,51224,True,
gzip,1,cc-none,1,4.52137088776,51340,True,
gzip,1,bb-none,1,5.15190792084,56740,True,
gzip,1,cc-simple,1,4.48182010651,51464,True,
gzip,1,clang,1,2.69021296501,57616,True,
gzip,1,cc-gams,1,503.767457962,24909120,False,MEMOUT
gzip,1,bb-simple,1,4.85404706001,53160,True,
gzip,1,cc-lemon,1,9.70516514778,51268,True,
gzip,1,bb-gams,1,528.777438164,25288616,False,MEMOUT
gzip,1,bb-lemon,1,74.3005921841,51908,True,
gzip,1,bb-local,1,3267.56385303,52216,True,
gzip,2,cc-local,1,159.845721006,52860,True,
gzip,2,cc-none,1,5.64481496811,53668,True,
gzip,2,bb-none,1,6.55806803703,60676,True,
gzip,2,cc-simple,1,5.64457798004,53440,True,
gzip,2,clang,1,3.41605615616,59912,True,
gzip,2,cc-gams,1,779.991559982,24908980,False,MEMOUT
gzip,2,bb-simple,1,6.08014893532,56688,True,
gzip,2,cc-lemon,1,13.1810238361,53256,True,
gzip,2,bb-gams,1,535.49008584,25288540,False,MEMOUT
gzip,2,bb-lemon,1,179.854403019,55548,True,
gzip,2,bb-local,1,6325.2209971,55580,True,
gzip,3,cc-local,1,160.297718048,52440,True,
gzip,3,cc-none,1,5.48837900162,53340,True,
gzip,3,bb-none,1,6.36449599266,60284,True,
gzip,3,cc-simple,1,5.48606204987,52740,True,
gzip,3,clang,1,3.31622219086,59312,True,
gzip,3,cc-gams,1,729.421939135,26180296,False,MEMOUT
gzip,3,bb-simple,1,5.91747498512,56044,True,
gzip,3,cc-lemon,1,13.0746772289,52540,True,
gzip,3,bb-gams,1,520.934542894,25288564,False,MEMOUT
gzip,3,bb-lemon,1,178.110006094,54856,True,
gzip,3,bb-local,1,6270.39838004,54596,True,
gzip,4,cc-local,1,168.9036448,52888,True,
gzip,4,cc-none,1,5.53596401215,53448,True,
gzip,4,bb-none,1,6.50234603882,62728,True,
gzip,4,cc-simple,1,5.53071403503,52932,True,
gzip,4,clang,1,3.33281612396,59552,True,
gzip,4,cc-gams,1,725.89556098,19941692,False,MEMOUT
gzip,4,bb-simple,1,6.02330493927,57684,True,
gzip,4,cc-lemon,1,13.642015934,52812,True,
gzip,4,bb-gams,1,528.480967999,25288536,False,MEMOUT
gzip,4,bb-lemon,1,182.461258888,55228,True,
gzip,4,bb-local,1,6606.11506701,55292,True,
gzip,5,cc-local,1,65.7786200047,53612,True,
gzip,5,cc-none,1,5.71935915947,54824,True,
gzip,5,bb-none,1,6.70000910759,63120,True,
gzip,5,cc-simple,1,5.67955780029,53988,True,
gzip,5,clang,1,3.44518113136,60416,True,
gzip,5,cc-gams,1,755.734853029,21994756,False,MEMOUT
gzip,5,bb-simple,1,6.19931197166,59112,True,
gzip,5,cc-lemon,1,9.87988400459,53720,True,
gzip,5,bb-gams,1,529.788068056,25288576,False,MEMOUT
gzip,5,bb-lemon,1,244.580423117,56812,True,
gzip,5,bb-local,1,10804.7487171,64804,False,TIMEOUT
ccrypt,1,cc-local,1,15.0047080517,42144,True,
ccrypt,1,cc-none,1,13.7001538277,42292,True,
ccrypt,1,bb-none,1,13.7824327946,42044,True,
ccrypt,1,cc-simple,1,13.6464591026,42212,True,
ccrypt,1,clang,1,7.81091809273,45984,True,
ccrypt,1,cc-gams,1,380.39649415,25161312,False,MEMOUT
ccrypt,1,bb-simple,1,13.7756359577,41984,True,
ccrypt,1,cc-lemon,1,14.068614006,42224,True,
ccrypt,1,bb-gams,1,234.359447956,26180152,False,MEMOUT
ccrypt,1,bb-lemon,1,16.3512589931,42104,True,
ccrypt,1,bb-local,1,28.2532248497,42288,True,
ccrypt,1,cc-local,2,14.5954918861,42292,True,
ccrypt,1,cc-none,2,13.7420589924,42296,True,
ccrypt,1,bb-none,2,13.8270661831,42028,True,
ccrypt,1,cc-simple,2,13.6124510765,42044,True,
ccrypt,1,clang,2,7.77284288406,45888,True,
ccrypt,1,cc-gams,2,400.932627916,25161280,False,MEMOUT
ccrypt,1,bb-simple,2,13.816562891,42252,True,
ccrypt,1,cc-lemon,2,14.0556409359,42184,True,
ccrypt,1,bb-gams,2,238.75655508,26180200,False,MEMOUT
ccrypt,1,bb-lemon,2,16.3842940331,42100,True,
ccrypt,1,bb-local,2,28.242205143,42124,True,
ccrypt,1,cc-local,3,14.589370966,42120,True,
ccrypt,1,cc-none,3,13.6779620647,42096,True,
ccrypt,1,bb-none,3,13.8764269352,42112,True,
ccrypt,1,cc-simple,3,13.6733088493,42084,True,
ccrypt,1,clang,3,7.80150508881,46008,True,
ccrypt,1,cc-gams,3,381.637731075,25161400,False,MEMOUT
ccrypt,1,bb-simple,3,14.2036750317,42112,True,
ccrypt,1,cc-lemon,3,14.054402113,42360,True,
ccrypt,1,bb-gams,3,240.187783957,26180252,False,MEMOUT
ccrypt,1,bb-lemon,3,16.3983650208,42108,True,
ccrypt,1,bb-local,3,28.2165119648,41932,True,
flex,1,cc-local,1,2377.95220995,63472,True,
flex,1,cc-none,1,7.6939330101,64780,True,
flex,1,bb-none,1,8.83518910408,71128,True,
flex,1,cc-simple,1,7.53883695602,63700,True,
flex,1,clang,1,4.31149291992,66232,True,
flex,1,cc-gams,1,354.362303019,24936724,False,MEMOUT
flex,1,bb-simple,1,8.11324810982,70564,True,
flex,1,cc-lemon,1,171.568270922,63532,True,
flex,1,bb-gams,1,406.936683893,26180252,False,MEMOUT
flex,1,bb-lemon,1,2695.01622295,77716,True,
flex,1,bb-local,1,10805.4847732,63964,False,TIMEOUT
flex,2,cc-local,1,10805.3750508,63936,False,TIMEOUT
flex,2,cc-none,1,10.5656139851,77404,True,
flex,2,bb-none,1,12.5847759247,88832,True,
flex,2,cc-simple,1,10.5941278934,75028,True,
flex,2,clang,1,6.31762194633,77588,True,
flex,2,cc-gams,1,467.046426058,26180220,False,MEMOUT
flex,2,bb-simple,1,11.8419430256,96648,True,
flex,2,cc-lemon,1,1574.618325,113808,True,
flex,2,bb-gams,1,235.673655033,26180240,False,MEMOUT
flex,2,bb-lemon,1,10805.0585449,196748,False,TIMEOUT
flex,2,bb-local,1,10805.1319191,64088,False,TIMEOUT
flex,3,cc-local,1,10805.625613,64208,False,TIMEOUT
flex,3,cc-none,1,10.7287590504,77360,True,
flex,3,bb-none,1,12.6519069672,88776,True,
flex,3,cc-simple,1,10.4902901649,75600,True,
flex,3,clang,1,6.0164399147,77356,True,
flex,3,cc-gams,1,484.124111891,26180228,False,MEMOUT
flex,3,bb-simple,1,11.8528249264,96616,True,
flex,3,cc-lemon,1,1582.84217,113860,True,
flex,3,bb-gams,1,222.383913994,26180228,False,MEMOUT
flex,3,bb-lemon,1,10860.070055,11384,False,TIMEOUT
flex,3,bb-local,1,10847.0705881,64352,False,TIMEOUT
flex,4,cc-local,1,10807.291261,63756,False,TIMEOUT
flex,4,cc-none,1,11.2333128452,78176,True,
flex,4,bb-none,1,13.034250021,89720,True,
flex,4,cc-simple,1,10.9409089088,76704,True,
flex,4,clang,1,6.70973396301,77896,True,
flex,4,cc-gams,1,501.024647951,26180220,False,MEMOUT
flex,4,bb-simple,1,12.6302549839,97348,True,
flex,4,cc-lemon,1,2892.05129886,143508,True,
flex,4,bb-gams,1,245.153279066,26180208,False,MEMOUT
flex,4,bb-lemon,1,10860.1511521,11772,False,TIMEOUT
flex,4,bb-local,1,10860.2185481,11520,False,TIMEOUT
flex,5,cc-local,1,10860.0966811,11456,False,TIMEOUT
flex,5,cc-none,1,11.3654410839,78440,True,
flex,5,bb-none,1,13.0249159336,89532,True,
flex,5,cc-simple,1,11.1271131039,76956,True,
flex,5,clang,1,6.39546203613,77460,True,
flex,5,cc-gams,1,491.991023064,26180264,False,MEMOUT
flex,5,bb-simple,1,12.1752650738,97024,True,
flex,5,cc-lemon,1,2879.70519018,143868,True,
flex,5,bb-gams,1,222.719612837,26180172,False,MEMOUT
flex,5,bb-lemon,1,10805.3947301,247536,False,TIMEOUT
flex,5,bb-local,1,10805.288228,64352,False,TIMEOUT
grep,1,cc-local,1,122.022222042,59308,True,
grep,1,cc-none,1,8.23905706406,60268,True,
grep,1,bb-none,1,10.1023759842,85048,True,
grep,1,cc-simple,1,8.25655508041,59968,True,
grep,1,clang,1,4.96006608009,68428,True,
grep,1,cc-gams,1,326.886746883,26180260,False,MEMOUT
grep,1,bb-simple,1,9.19803905487,63852,True,
grep,1,cc-lemon,1,16.6794269085,59648,True,
grep,1,bb-gams,1,591.605178833,26125372,False,MEMOUT
grep,1,bb-lemon,1,10805.4429901,70112,False,TIMEOUT
grep,1,bb-local,1,10804.9164958,63620,False,TIMEOUT
grep,2,cc-local,1,33.5908858776,60648,True,
grep,2,cc-none,1,8.51008605957,61112,True,
grep,2,bb-none,1,11.0117881298,86980,True,
grep,2,cc-simple,1,9.02859902382,60936,True,
grep,2,clang,1,5.23694419861,71216,True,
grep,2,cc-gams,1,274.107203007,26180168,False,MEMOUT
grep,2,bb-simple,1,9.52698206902,65136,True,
grep,2,cc-lemon,1,11.658588171,60624,True,
grep,2,bb-gams,1,452.743962049,26125552,False,MEMOUT
grep,2,bb-lemon,1,10805.6417341,72804,False,TIMEOUT
grep,2,bb-local,1,10805.0969169,63844,False,TIMEOUT
grep,3,cc-local,1,43.1400988102,60896,True,
grep,3,cc-none,1,8.84817194939,61456,True,
grep,3,bb-none,1,10.8152470589,89116,True,
grep,3,cc-simple,1,8.64599394798,61228,True,
grep,3,clang,1,5.32194113731,71160,True,
grep,3,cc-gams,1,303.349961042,26180240,False,MEMOUT
grep,3,bb-simple,1,9.90400600433,66192,True,
grep,3,cc-lemon,1,12.510283947,60596,True,
grep,3,bb-gams,1,582.178156853,26125308,False,MEMOUT
grep,3,bb-lemon,1,10805.4560771,72500,False,TIMEOUT
grep,3,bb-local,1,10805.2354181,63864,False,TIMEOUT
grep,4,cc-local,1,50.0649390221,60840,True,
grep,4,cc-none,1,8.67571282387,61552,True,
grep,4,bb-none,1,10.5080049038,87608,True,
grep,4,cc-simple,1,8.75133299828,61156,True,
grep,4,clang,1,5.33162021637,70540,True,
grep,4,cc-gams,1,359.782361031,26180224,False,MEMOUT
grep,4,bb-simple,1,10.1417551041,64376,True,
grep,4,cc-lemon,1,12.7952740192,60764,True,
grep,4,bb-gams,1,582.747982025,26125308,False,MEMOUT
grep,4,bb-lemon,1,10805.1442771,72008,False,TIMEOUT
grep,4,bb-local,1,10805.150296,63628,False,TIMEOUT
grep,5,cc-local,1,50.4140660763,60764,True,
grep,5,cc-none,1,8.64898610115,61576,True,
grep,5,bb-none,1,10.5399639606,87452,True,
grep,5,cc-simple,1,8.73882484436,61192,True,
grep,5,clang,1,5.51850819588,70508,True,
grep,5,cc-gams,1,358.475018978,26180240,False,MEMOUT
grep,5,bb-simple,1,9.7906999588,64872,True,
grep,5,cc-lemon,1,12.2347290516,60796,True,
grep,5,bb-gams,1,586.609597206,26125552,False,MEMOUT
grep,5,bb-lemon,1,10805.3403051,71960,False,TIMEOUT
grep,5,bb-local,1,10805.1265531,64248,False,TIMEOUT
space,1,cc-local,1,9.04371213913,55804,True,
space,1,cc-none,1,5.4449429512,56872,True,
space,1,bb-none,1,6.0931520462,63032,True,
space,1,cc-simple,1,5.34436702728,56696,True,
space,1,clang,1,3.06572198868,63416,True,
space,1,cc-gams,1,1169.70563698,25326540,False,MEMOUT
space,1,bb-simple,1,5.78595900536,59812,True,
space,1,cc-lemon,1,6.0797829628,56068,True,
space,1,bb-gams,1,844.246481895,25304088,False,MEMOUT
space,1,bb-lemon,1,26.5153999329,58728,True,
space,1,bb-local,1,314.066343784,58736,True,
space,1,cc-local,2,6.82950091362,55956,True,
space,1,cc-none,2,5.33289813995,57064,True,
space,1,bb-none,2,6.16509485245,63036,True,
space,1,cc-simple,2,5.63970208168,56692,True,
space,1,clang,2,3.10174703598,63352,True,
space,1,cc-gams,2,1161.5351069,25326428,False,MEMOUT
space,1,bb-simple,2,5.73599290848,59776,True,
space,1,cc-lemon,2,5.97919392586,55984,True,
space,1,bb-gams,2,849.02973485,25304232,False,MEMOUT
space,1,bb-lemon,2,27.0425078869,58668,True,
space,1,bb-local,2,316.40655303,58696,True,
space,1,cc-local,3,6.91007304192,55988,True,
space,1,cc-none,3,5.3370847702,57080,True,
space,1,bb-none,3,6.11315798759,63040,True,
space,1,cc-simple,3,5.42788696289,56748,True,
space,1,clang,3,3.15628004074,63448,True,
space,1,cc-gams,3,1180.33125591,25326396,False,MEMOUT
space,1,bb-simple,3,5.7859480381,59820,True,
space,1,cc-lemon,3,5.95923185349,55968,True,
space,1,bb-gams,3,853.039689064,25304208,False,MEMOUT
space,1,bb-lemon,3,26.1127669811,58688,True,
space,1,bb-local,3,316.253051996,58820,True,
sed,1,cc-local,1,5265.07597899,55772,True,
sed,1,cc-none,1,5.97863793373,56160,True,
sed,1,bb-none,1,7.35061883926,80372,True,
sed,1,cc-simple,1,5.95003700256,55700,True,
sed,1,clang,1,3.63252091408,62696,True,
sed,1,cc-gams,1,406.111467123,21566264,False,MEMOUT
sed,1,bb-simple,1,6.84228014946,60456,True,
sed,1,cc-lemon,1,96.2523210049,55556,True,
sed,1,bb-gams,1,331.335291147,23229836,False,MEMOUT
sed,1,bb-lemon,1,10804.0013518,64824,False,TIMEOUT
sed,1,bb-local,1,10804.328598,63692,False,TIMEOUT
sed,2,cc-local,1,10027.9370801,59892,True,
sed,2,cc-none,1,7.78000593185,60392,True,
sed,2,bb-none,1,9.16242790222,81572,True,
sed,2,cc-simple,1,7.76748991013,60316,True,
sed,2,clang,1,4.50549197197,66852,True,
sed,2,cc-gams,1,374.37133503,25449316,False,MEMOUT
sed,2,bb-simple,1,8.69716215134,63196,True,
sed,2,cc-lemon,1,355.666151047,60216,True,
sed,2,bb-gams,1,277.433177948,24149936,False,MEMOUT
sed,2,bb-lemon,1,10804.5471611,68508,False,TIMEOUT
sed,2,bb-local,1,10804.408051,63628,False,TIMEOUT
sed,3,cc-local,1,3241.08410382,56956,True,
sed,3,cc-none,1,7.06233000755,58180,True,
sed,3,bb-none,1,8.60398817062,83484,True,
sed,3,cc-simple,1,6.98055195808,57276,True,
sed,3,clang,1,4.27699804306,64692,True,
sed,3,cc-gams,1,730.23713994,26125832,False,MEMOUT
sed,3,bb-simple,1,7.96587109566,61880,True,
sed,3,cc-lemon,1,34.1660618782,56980,True,
sed,3,bb-gams,1,989.604948044,26125676,False,MEMOUT
sed,3,bb-lemon,1,10804.42362,70192,False,TIMEOUT
sed,3,bb-local,1,10805.27053,63672,False,TIMEOUT
sed,4,cc-local,1,3247.47973418,56644,True,
sed,4,cc-none,1,6.98995518684,58188,True,
sed,4,bb-none,1,8.65484809875,83320,True,
sed,4,cc-simple,1,6.9826939106,57160,True,
sed,4,clang,1,4.29088997841,64496,True,
sed,4,cc-gams,1,730.049579144,26126128,False,MEMOUT
sed,4,bb-simple,1,7.98970794678,61736,True,
sed,4,cc-lemon,1,33.66760993,56952,True,
sed,4,bb-gams,1,985.384140015,26125520,False,MEMOUT
sed,4,bb-lemon,1,10804.894969,69844,False,TIMEOUT
sed,4,bb-local,1,10860.0843329,11504,False,TIMEOUT
sed,5,cc-local,1,10807.0691831,63632,False,TIMEOUT
sed,5,cc-none,1,10.3239569664,68192,True,
sed,5,bb-none,1,11.5915420055,71988,True,
sed,5,cc-simple,1,9.99506998062,66276,True,
sed,5,clang,1,6.45030903816,71012,True,
sed,5,cc-gams,1,1000.87791491,26125672,False,MEMOUT
sed,5,bb-simple,1,11.1844301224,70120,True,
sed,5,cc-lemon,1,146.001469851,66000,True,
sed,5,bb-gams,1,221.956850052,23544612,False,MEMOUT
sed,5,bb-lemon,1,6650.51161385,68664,True,
sed,5,bb-local,1,10806.3277009,63904,False,TIMEOUT
sed,6,cc-local,1,10806.4375689,63696,False,TIMEOUT
sed,6,cc-none,1,10.4687941074,68284,True,
sed,6,bb-none,1,11.6588439941,72080,True,
sed,6,cc-simple,1,10.0321500301,66140,True,
sed,6,clang,1,6.34343791008,71192,True,
sed,6,cc-gams,1,1004.27116919,26125548,False,MEMOUT
sed,6,bb-simple,1,11.1350829601,70024,True,
sed,6,cc-lemon,1,146.141092777,66364,True,
sed,6,bb-gams,1,221.461373806,23544680,False,MEMOUT
sed,6,bb-lemon,1,6654.01416707,68400,True,
sed,6,bb-local,1,10806.480443,63876,False,TIMEOUT
sed,7,cc-local,1,10806.0801959,63892,False,TIMEOUT
sed,7,cc-none,1,9.86343193054,75464,True,
sed,7,bb-none,1,11.3068721294,74576,True,
sed,7,cc-simple,1,9.67544198036,67800,True,
sed,7,clang,1,6.06783103943,74124,True,
sed,7,cc-gams,1,1290.88822889,26125548,False,MEMOUT
sed,7,bb-simple,1,10.6505608559,71616,True,
sed,7,cc-lemon,1,119.176784039,66724,True,
sed,7,bb-gams,1,294.26055479,25127476,False,MEMOUT
sed,7,bb-lemon,1,4546.34359097,70084,True,
sed,7,bb-local,1,10860.0812101,11500,False,TIMEOUT
